Ch13 ~Chitkara pvt. Ltd.~67,Chhindwara~M.P~144008~Chitkara13@yahoo.com~9944680081~Amit~N~A~15/Aug/2010~Rishu~~~25/Aug/2010~ShashankNsbt01~Nsbt pvt Ltd~A-39,Noida~U.P.~201307~nsbt@nucleussoftware.com~9998065432~Chitralekha~N~A~13/Aug/2010~Nidhi~~~~Tcs01~Tcs pvt Ltd ~C-52,Mathura~U.P.~100445~tcs@hotmail.com~9980654321~Nitin~N~A~13/Aug/2010~Nishant~~~24/Aug/2010~VaibhavBharat11~Bharat Institute ltd~34,Noida~U.P~201307~bharat@gmail.com~9018900998~Gaurav~N~A~13/Aug/2010~Umesh~~~~deva02~Sachdeva pvt ltd~200,Meerut~U.P~200111~Sachdeva02@gamil.com~9359920052~Devangi~N~A~14/Aug/2010~Anant~~~~Accurate09~Accurate institute ltd~08,Ghaziabad~U.P~103405~Accurate09@yahoo.co.in~9891899963~Nikhil~N~A~14/Aug/2010~Shashank~~~~Ch13 ~Chitkara pvt. Ltd.~67,Chhindwara~M.P~144008~Chitkara13@yahoo.com~9944680081~Amit~N~A~15/Aug/2010~Rishu~~~25/Aug/2010~ShashankNarain14 ~Narain public ltd~89,Noida~U.P~201307~Narain14@hotmail.com~9811483888~Ajay~N~A~15/Aug/2010~Rohit~~~~Bajaj16~Bajaj pvt ltd~27,Meerut~U.P~144011~Bajaj16@gamil.com~9999365332~Rahul~N~A~15/Aug/2010~Anuj~~~~Charya18 ~Dronocharya pvt Ltd~35,Noida~U.P~201307~Dronocharya18@yahoo.com~9012265950~Kshitij~N~A~15/Aug/2010~Avtar~~~26/Aug/2010~NitinGalgotia21~Galgotia pvt Ltd~Noida~U.P~201307~Galgotia21@yahoo.com~8010058095~Swapnil~N~A~15/Aug/2010~Arijit~~~~